﻿pos_x,pos_y,rotation,side,designator,mpn,pack,value,mount_type,place
165.8,-97.8,90.0,top,C101,MuRata GRM21BR71C475KE51L,C_0805_2012Metric,4.7uF,smt,True
158.0,-97.8,90.0,top,C102,MuRata GRM21BR71C475KE51L,C_0805_2012Metric,4.7uF,smt,True
165.8,-102.1,90.0,top,D101,Wuerth 156120VS75300,LED_0805_2012Metric_Pad1.15x1.40mm_HandSolder,LED,smt,True
158.0,-102.0,0.0,top,H101,,MountingHole_2mm,MountingHole,tht,True
172.0,-83.0,0.0,top,H102,,MountingHole_2mm,MountingHole,tht,True
170.9,-98.2,90.0,top,J101,Molex 105017001,USB_Micro-B_Molex-105133-0001,USB_B_Micro,smt,True
171.75,-88.1,-90.0,top,J102,S2B-PH-K-S(LF)(SN),JST_PH_B2B-PH-K_1x02_P2.00mm_Vertical,JST PH 2mm,tht,True
157.675,-92.475,90.0,top,J103,,PinHeader_1x03_P2.54mm_Vertical,CALC,tht,True
158.1,-107.7,-90.0,bottom,J201,,PinSocket_1x08_P2.00mm_Vertical,RCL57_BOARD,tht,True
158.65,-114.475,90.0,top,J202,,PinHeader_2x06_P2.54mm_Vertical,DEBUG,tht,True
165.8,-93.5,90.0,top,R101,,R_0805_2012Metric_Pad1.20x1.40mm_HandSolder,4.7K,smt,True
163.3,-102.1,-90.0,top,R102,,R_0805_2012Metric_Pad1.20x1.40mm_HandSolder,470,smt,True
161.9,-97.8,0.0,top,U101,Microchip MCP73831T-2ACI/OT,SOT-23-5_HandSoldering,MCP73831-2-OT,smt,True
