﻿designator,quantity,value,pack,mpn,mount_type
"C101, C102",2,4.7uF,C_0805_2012Metric,MuRata GRM21BR71C475KE51L,smt
D101,1,LED,LED_0805_2012Metric_Pad1.15x1.40mm_HandSolder,Wuerth 156120VS75300,smt
"H101, H102",2,MountingHole,MountingHole_2mm,,tht
J101,1,USB_B_Micro,USB_Micro-B_Molex-105133-0001,Molex 105017001,smt
J102,1,JST PH 2mm,JST_PH_B2B-PH-K_1x02_P2.00mm_Vertical,S2B-PH-K-S(LF)(SN),tht
J103,1,CALC,PinHeader_1x03_P2.54mm_Vertical,,tht
J201,1,RCL57_BOARD,PinSocket_1x08_P2.00mm_Vertical,,tht
J202,1,DEBUG,PinHeader_2x06_P2.54mm_Vertical,,tht
R101,1,4.7K,R_0805_2012Metric_Pad1.20x1.40mm_HandSolder,,smt
R102,1,470,R_0805_2012Metric_Pad1.20x1.40mm_HandSolder,,smt
U101,1,MCP73831-2-OT,SOT-23-5_HandSoldering,Microchip MCP73831T-2ACI/OT,smt
