﻿pos_x,pos_y,rotation,side,designator,mpn,pack,value,mount_type,place
146.26,-109.047056,-90.0,bottom,C1,,C_0805_2012Metric,100nF,smt,True
146.26,-105.047056,-90.0,bottom,C2,,C_0805_2012Metric,100nF,smt,True
141.309999,-85.047057,180.0,top,C3,,C_0805_2012Metric,4.7uF,smt,True
148.459999,-107.047056,90.0,bottom,C4,,C_0805_2012Metric,100nF,smt,True
143.86,-86.247056,-90.0,bottom,C5,,C_0805_2012Metric,100nF,smt,True
143.459999,-92.447056,90.0,top,D1,,LED_0805_2012Metric,LED,smt,True
146.259999,-86.847056,90.0,bottom,D2,,D_SOD-123,MBR0520,smt,True
137.16,-82.147058,180.0,bottom,J1,,PinHeader_1x13_P2.54mm_Vertical,TMS1500 p1-14,tht,True
152.36,-82.147056,180.0,bottom,J2,,PinHeader_1x13_P2.54mm_Vertical,TMS1500 p28-15,tht,True
140.92,-115.247057,90.0,top,J3,,PinHeader_1x04_P2.54mm_Vertical,STLINK,tht,True
146.549999,-83.1,180.0,bottom,JP1,,SolderJumper-2_P1.3mm_Open_RoundedPad1.0x1.5mm,REGLED,tht,True
148.46,-82.347056,0.0,top,Q1,,SOT-23-6,DMP2240UDM-7,smt,True
148.459999,-96.147057,0.0,top,Q2,,SOT-23-6,DMP2240UDM-7,smt,True
148.459999,-91.547059,0.0,top,Q3,,SOT-23-6,DMP2240UDM-7,smt,True
148.46,-86.947056,0.0,top,Q4,,SOT-23-6,DMP2240UDM-7,smt,True
144.2,-99.6,-90.0,top,R1,,R_0805_2012Metric_Pad1.20x1.40mm_HandSolder,6.8K,smt,True
137.16,-115.6,180.0,bottom,TP1,,TestPoint_Pad_D1.5mm,NRST,tht,True
148.4,-100.8,-90.0,bottom,TP2,,TestPoint_Pad_D1.5mm,SOUT,tht,True
141.66,-112.047059,0.0,top,TP7,,TestPoint_THTPad_D1.5mm_Drill0.7mm,TXD,tht,True
148.2,-112.047057,180.0,top,TP8,,TestPoint_THTPad_D1.5mm_Drill0.7mm,TEST,tht,True
144.859999,-107.309585,135.0,top,U1,,QFN-36-1EP_6x6mm_P0.5mm_EP4.1x4.1mm,STM32F103TBUx,smt,True
144.859999,-96.647056,45.0,bottom,U2,,TSSOP-24_4.4x7.8mm_P0.65mm,CAT4016TY,smt,True
141.26,-82.347056,0.0,top,U3,,SOT-23-5,TLV70033_SOT23-5,smt,True
137.16,-68.58,0.0,top,U91,,PIN_SMALL_SINGLE,PIN_SMALL_SINGLE_DEVICE,tht,True
152.4,-68.58,0.0,top,U92,,PIN_SMALL_SINGLE,PIN_SMALL_SINGLE_DEVICE,tht,True
147.32,-134.62,0.0,top,U93,,PIN_SMALL_SINGLE,PIN_SMALL_SINGLE_DEVICE,tht,True
137.16,-129.54,0.0,top,U94,,PIN_SMALL_SINGLE,PIN_SMALL_SINGLE_DEVICE,tht,True
162.56,-38.1,0.0,top,U95,,PIN_LARGE_SINGLE_NOSILK,PIN_LARGE_SINGLE_DEVICE,tht,True
127.0,-38.1,0.0,top,U96,,PIN_LARGE_SINGLE_NOSILK,PIN_LARGE_SINGLE_DEVICE,tht,True
162.56,-160.02,0.0,top,U97,,PIN_LARGE_SINGLE_NOSILK,PIN_LARGE_SINGLE_DEVICE,tht,True
127.0,-160.02,0.0,top,U98,,PIN_LARGE_SINGLE_NOSILK,PIN_LARGE_SINGLE_DEVICE,tht,True
147.32,-99.06,0.0,top,U99,,BOARD_10X10_USERCMTS,GUIDE_10X10,tht,True
