﻿designator,quantity,value,pack,mpn,mount_type
"C1, C2, C4, C5",4,100nF,C_0805_2012Metric,,smt
C3,1,4.7uF,C_0805_2012Metric,,smt
D1,1,LED,LED_0805_2012Metric,,smt
D2,1,MBR0520,D_SOD-123,,smt
J1,1,TMS1500 p1-14,PinHeader_1x13_P2.54mm_Vertical,,tht
J2,1,TMS1500 p28-15,PinHeader_1x13_P2.54mm_Vertical,,tht
J3,1,STLINK,PinHeader_1x04_P2.54mm_Vertical,,tht
JP1,1,REGLED,SolderJumper-2_P1.3mm_Open_RoundedPad1.0x1.5mm,,tht
"Q1, Q2, Q3, Q4",4,DMP2240UDM-7,SOT-23-6,,smt
R1,1,6.8K,R_0805_2012Metric_Pad1.20x1.40mm_HandSolder,,smt
TP1,1,NRST,TestPoint_Pad_D1.5mm,,tht
TP2,1,SOUT,TestPoint_Pad_D1.5mm,,tht
TP7,1,TXD,TestPoint_THTPad_D1.5mm_Drill0.7mm,,tht
TP8,1,TEST,TestPoint_THTPad_D1.5mm_Drill0.7mm,,tht
U1,1,STM32F103TBUx,QFN-36-1EP_6x6mm_P0.5mm_EP4.1x4.1mm,,smt
U2,1,CAT4016TY,TSSOP-24_4.4x7.8mm_P0.65mm,,smt
U3,1,TLV70033_SOT23-5,SOT-23-5,,smt
"U91, U92, U93, U94",4,PIN_SMALL_SINGLE_DEVICE,PIN_SMALL_SINGLE,,tht
"U95, U96, U97, U98",4,PIN_LARGE_SINGLE_DEVICE,PIN_LARGE_SINGLE_NOSILK,,tht
U99,1,GUIDE_10X10,BOARD_10X10_USERCMTS,,tht
